{"cameraMode":{"drawMode":0,"name":"Shaded","section":"Shading Mode"},"sceneLighting":true,"audioPlay":false,"sceneViewState":{"showFog":true,"showMaterialUpdate":false,"showSkybox":true,"showFlares":true,"showImageEffects":true,"showParticleSystems":true},"in2DMode":false,"pivot":{"x":-4.42671012878418,"y":-4.145256042480469,"z":-5.03187370300293},"rotation":{"x":0.13997231423854829,"y":-0.8523634076118469,"z":0.2891015112400055,"w":0.4126831889152527},"size":29.31511116027832,"orthographic":false}